<?xml version="1.0" standalone="yes"?>
<DTADataSet>
  <DCS_ID>
    <ExportID>50</ExportID>
    <Description>Gun_Fire_1</Description>
    <ExportIDWithDescription>50 - Gun_Fire_1</ExportIDWithDescription>
    <Type>Lamp</Type>
  </DCS_ID>
  <DCS_ID>
    <ExportID>164</ExportID>
    <Description>Gun_Fire_2</Description>
    <ExportIDWithDescription>164 - Gun_Fire_2</ExportIDWithDescription>
    <Type>Lamp</Type>
  </DCS_ID>
  <DCS_ID>
    <ExportID>165</ExportID>
    <Description>Gun_Fire_3</Description>
    <ExportIDWithDescription>165 - Gun_Fire_3</ExportIDWithDescription>
    <Type>Lamp</Type>
  </DCS_ID>
  <DCS_ID>
    <ExportID>166</ExportID>
    <Description>Gun_Fire_4</Description>
    <ExportIDWithDescription>166 - Gun_Fire_4</ExportIDWithDescription>
    <Type>Lamp</Type>
  </DCS_ID>
  <DCS_ID>
    <ExportID>68</ExportID>
    <Description>L_GEAR_UP</Description>
    <ExportIDWithDescription>68 - L_GEAR_UP</ExportIDWithDescription>
    <Type>Lamp</Type>
  </DCS_ID>
  <DCS_ID>
    <ExportID>69</ExportID>
    <Description>L_GEAR_DOWN</Description>
    <ExportIDWithDescription>69 - L_GEAR_DOWN</ExportIDWithDescription>
    <Type>Lamp</Type>
  </DCS_ID>
  <DCS_ID>
    <ExportID>70</ExportID>
    <Description>R_GEAR_UP</Description>
    <ExportIDWithDescription>70 - R_GEAR_UP</ExportIDWithDescription>
    <Type>Lamp</Type>
  </DCS_ID>
  <DCS_ID>
    <ExportID>71</ExportID>
    <Description>R_GEAR_DOWN</Description>
    <ExportIDWithDescription>71 - R_GEAR_DOWN</ExportIDWithDescription>
    <Type>Lamp</Type>
  </DCS_ID>
  <DCS_ID>
    <ExportID>72</ExportID>
    <Description>FLAPS_UP</Description>
    <ExportIDWithDescription>72 - FLAPS_UP</ExportIDWithDescription>
    <Type>Lamp</Type>
  </DCS_ID>
  <DCS_ID>
    <ExportID>73</ExportID>
    <Description>FLAPS_START</Description>
    <ExportIDWithDescription>73 - FLAPS_START</ExportIDWithDescription>
    <Type>Lamp</Type>
  </DCS_ID>
  <DCS_ID>
    <ExportID>74</ExportID>
    <Description>FLAPS_DOWN</Description>
    <ExportIDWithDescription>74 - FLAPS_DOWN</ExportIDWithDescription>
    <Type>Lamp</Type>
  </DCS_ID>
  <DCS_ID>
    <ExportID>113</ExportID>
    <Description>Oxygen_Flow_Blinker</Description>
    <ExportIDWithDescription>113 - Oxygen_Flow_Blinker</ExportIDWithDescription>
    <Type>Lamp</Type>
  </DCS_ID>
  <DCS_ID>
    <ExportID>137</ExportID>
    <Description>RocketEmCvr</Description>
    <ExportIDWithDescription>137 - RocketEmCvr</ExportIDWithDescription>
    <Type>Lamp</Type>
  </DCS_ID>
  <DCS_ID>
    <ExportID>193</ExportID>
    <Description>Lamps_Intensity</Description>
    <ExportIDWithDescription>193 - Lamps_Intensity</ExportIDWithDescription>
    <Type>Lamp</Type>
  </DCS_ID>
  <DCS_ID>
    <ExportID>195</ExportID>
    <Description>Fluor_Light</Description>
    <ExportIDWithDescription>195 - Fluor_Light</ExportIDWithDescription>
    <Type>Lamp</Type>
  </DCS_ID>
  <DCS_ID>
    <ExportID>196</ExportID>
    <Description>BombLamp_1</Description>
    <ExportIDWithDescription>196 - BombLamp_1</ExportIDWithDescription>
    <Type>Lamp</Type>
  </DCS_ID>
  <DCS_ID>
    <ExportID>197</ExportID>
    <Description>BombLamp_2</Description>
    <ExportIDWithDescription>197 - BombLamp_2</ExportIDWithDescription>
    <Type>Lamp</Type>
  </DCS_ID>
  <DCS_ID>
    <ExportID>198</ExportID>
    <Description>BombLamp_3</Description>
    <ExportIDWithDescription>198 - BombLamp_3</ExportIDWithDescription>
    <Type>Lamp</Type>
  </DCS_ID>
  <DCS_ID>
    <ExportID>199</ExportID>
    <Description>BombLamp_4</Description>
    <ExportIDWithDescription>199 - BombLamp_4</ExportIDWithDescription>
    <Type>Lamp</Type>
  </DCS_ID>
  <Clickabledata>
    <ID>2</ID>
    <DeviceID>1</DeviceID>
    <ButtonID>31</ButtonID>
    <Discription>Elec Interf. - Electric Kill-switch</Discription>
    <Type>Switch</Type>
    <DcsID>79</DcsID>
  </Clickabledata>
  <Clickabledata>
    <ID>3</ID>
    <DeviceID>1</DeviceID>
    <ButtonID>32</ButtonID>
    <Discription>Elec Interf. - Emergency Equipment Destruction</Discription>
    <Type>Switch</Type>
    <DcsID>163</DcsID>
  </Clickabledata>
  <Clickabledata>
    <ID>4</ID>
    <DeviceID>2</DeviceID>
    <ButtonID>4</ButtonID>
    <Discription>Engine Sys. - Magneto Switch</Discription>
    <Type>Switch</Type>
    <DcsID>75</DcsID>
  </Clickabledata>
  <Clickabledata>
    <ID>6</ID>
    <DeviceID>2</DeviceID>
    <ButtonID>8</ButtonID>
    <Discription>Engine Sys. - Starter Switch - Starter Power</Discription>
    <Type>Switch</Type>
    <DcsID>105</DcsID>
  </Clickabledata>
  <Clickabledata>
    <ID>7</ID>
    <DeviceID>2</DeviceID>
    <ButtonID>9</ButtonID>
    <Discription>Engine Sys. - Starter Switch - Magnetic Clutch</Discription>
    <Type>Switch</Type>
    <DcsID>105</DcsID>
  </Clickabledata>
  <Clickabledata>
    <ID>8</ID>
    <DeviceID>2</DeviceID>
    <ButtonID>10</ButtonID>
    <Discription>Engine Sys. - Starter Switch- (stop action)</Discription>
    <Type>Switch</Type>
    <DcsID>105</DcsID>
  </Clickabledata>
  <Clickabledata>
    <ID>9</ID>
    <DeviceID>2</DeviceID>
    <ButtonID>11</ButtonID>
    <Discription>Engine Sys. - Throttle Lock</Discription>
    <Type>Switch</Type>
    <DcsID>200</DcsID>
  </Clickabledata>
  <Clickabledata>
    <ID>10</ID>
    <DeviceID>2</DeviceID>
    <ButtonID>13</ButtonID>
    <Discription>Engine Sys. - MBG Emergency Mode Handle</Discription>
    <Type>Switch</Type>
    <DcsID>91</DcsID>
  </Clickabledata>
  <Clickabledata>
    <ID>11</ID>
    <DeviceID>2</DeviceID>
    <ButtonID>15</ButtonID>
    <Discription>Engine Sys. - MW-50 Switch</Discription>
    <Type>Switch</Type>
    <DcsID>85</DcsID>
  </Clickabledata>
  <Clickabledata>
    <ID>12</ID>
    <DeviceID>3</DeviceID>
    <ButtonID>1</ButtonID>
    <Discription>CPT Mech - Canopy Hand Crank</Discription>
    <Type>Switch</Type>
    <DcsID>114</DcsID>
  </Clickabledata>
  <Clickabledata>
    <ID>13</ID>
    <DeviceID>3</DeviceID>
    <ButtonID>6</ButtonID>
    <Discription>CPT Mech - Canopy Emergency Release Handle</Discription>
    <Type>Switch</Type>
    <DcsID>115</DcsID>
  </Clickabledata>
  <Clickabledata>
    <ID>14</ID>
    <DeviceID>4</DeviceID>
    <ButtonID>1</ButtonID>
    <Discription>Oxygen Sys. - Oxygen Emergency Knob</Discription>
    <Type>Switch</Type>
    <DcsID>190</DcsID>
  </Clickabledata>
  <Clickabledata>
    <ID>15</ID>
    <DeviceID>4</DeviceID>
    <ButtonID>3</ButtonID>
    <Discription>Oxygen Sys. - Oxygen Flow Valve {0.0 - 0.5} in 0.04 steps</Discription>
    <Type>Rotary</Type>
    <DcsID>110</DcsID>
  </Clickabledata>
  <Clickabledata>
    <ID>16</ID>
    <DeviceID>6</DeviceID>
    <ButtonID>1</ButtonID>
    <Discription>Fuel Sys. - Fuel Tank Selector Valve (CLOSE/FORWARD/AFT/BOTH) {0.0,0.1,0.2,0.3}</Discription>
    <Type>Switch</Type>
    <DcsID>90</DcsID>
  </Clickabledata>
  <Clickabledata>
    <ID>17</ID>
    <DeviceID>6</DeviceID>
    <ButtonID>2</ButtonID>
    <Discription>Fuel Sys. - Fuel Gauge Selector (FORWARD/NONE/AFT) {0.0,0.5,1.0}</Discription>
    <Type>Switch</Type>
    <DcsID>99</DcsID>
  </Clickabledata>
  <Clickabledata>
    <ID>18</ID>
    <DeviceID>6</DeviceID>
    <ButtonID>3</ButtonID>
    <Discription>Fuel Sys. - MW-B4 Selector (Not Functional)</Discription>
    <Type>Switch</Type>
    <DcsID>0</DcsID>
  </Clickabledata>
  <Clickabledata>
    <ID>19</ID>
    <DeviceID>6</DeviceID>
    <ButtonID>7</ButtonID>
    <Discription>Fuel Sys. - Cold Start/Wind Screen Washer</Discription>
    <Type>Switch</Type>
    <DcsID>161</DcsID>
  </Clickabledata>
  <Clickabledata>
    <ID>20</ID>
    <DeviceID>6</DeviceID>
    <ButtonID>9</ButtonID>
    <Discription>Fuel Sys. - Primer Pump</Discription>
    <Type>Switch</Type>
    <DcsID>162</DcsID>
  </Clickabledata>
  <Clickabledata>
    <ID>21</ID>
    <DeviceID>7</DeviceID>
    <ButtonID>1</ButtonID>
    <Discription>Light Sys. - Instrument Lights Brightness {0.0 - 1.0} in 0.04 steps</Discription>
    <Type>Rotary</Type>
    <DcsID>78</DcsID>
  </Clickabledata>
  <Clickabledata>
    <ID>22</ID>
    <DeviceID>8</DeviceID>
    <ButtonID>1</ButtonID>
    <Discription>Contr. Sys. - Flaps up</Discription>
    <Type>Switch</Type>
    <DcsID>62</DcsID>
  </Clickabledata>
  <Clickabledata>
    <ID>23</ID>
    <DeviceID>8</DeviceID>
    <ButtonID>2</ButtonID>
    <Discription>Contr. Sys. - Flaps Take Off</Discription>
    <Type>Switch</Type>
    <DcsID>63</DcsID>
  </Clickabledata>
  <Clickabledata>
    <ID>24</ID>
    <DeviceID>8</DeviceID>
    <ButtonID>3</ButtonID>
    <Discription>Contr. Sys. - Flaps Landing</Discription>
    <Type>Switch</Type>
    <DcsID>64</DcsID>
  </Clickabledata>
  <Clickabledata>
    <ID>25</ID>
    <DeviceID>8</DeviceID>
    <ButtonID>5</ButtonID>
    <Discription>Contr. Sys. - Landing Gears Retraction</Discription>
    <Type>Switch</Type>
    <DcsID>65</DcsID>
  </Clickabledata>
  <Clickabledata>
    <ID>26</ID>
    <DeviceID>8</DeviceID>
    <ButtonID>6</ButtonID>
    <Discription>Contr. Sys. - Landing Gears Retraction Cover</Discription>
    <Type>Switch</Type>
    <DcsID>66</DcsID>
  </Clickabledata>
  <Clickabledata>
    <ID>27</ID>
    <DeviceID>8</DeviceID>
    <ButtonID>7</ButtonID>
    <Discription>Contr. Sys. - Landing Gears Extending</Discription>
    <Type>Switch</Type>
    <DcsID>67</DcsID>
  </Clickabledata>
  <Clickabledata>
    <ID>28</ID>
    <DeviceID>8</DeviceID>
    <ButtonID>8</ButtonID>
    <Discription>Contr. Sys. - Landing Gear Emergency Release Handle</Discription>
    <Type>Switch</Type>
    <DcsID>89</DcsID>
  </Clickabledata>
  <Clickabledata>
    <ID>29</ID>
    <DeviceID>8</DeviceID>
    <ButtonID>12</ButtonID>
    <Discription>Contr. Sys. - Stabilizer Trimmer Up/Down</Discription>
    <Type>Switch</Type>
    <DcsID>77</DcsID>
  </Clickabledata>
  <Clickabledata>
    <ID>30</ID>
    <DeviceID>8</DeviceID>
    <ButtonID>13</ButtonID>
    <Discription>Contr. Sys. - Radiator Flaps Control {0.0 - 1.0} in 0.4 steps</Discription>
    <Type>Switch</Type>
    <DcsID>159</DcsID>
  </Clickabledata>
  <Clickabledata>
    <ID>31</ID>
    <DeviceID>10</DeviceID>
    <ButtonID>1</ButtonID>
    <Discription>Altimeter - Pressure Set {0.0 - 1.0} in 0.04 steps</Discription>
    <Type>Rotary</Type>
    <DcsID>34</DcsID>
  </Clickabledata>
  <Clickabledata>
    <ID>32</ID>
    <DeviceID>12</DeviceID>
    <ButtonID>1</ButtonID>
    <Discription>ARTIFICIAL_HORIZON - Horizon Cage {0.511 - 1.0} in 0.4 steps</Discription>
    <Type>Rotary</Type>
    <DcsID>39</DcsID>
  </Clickabledata>
  <Clickabledata>
    <ID>33</ID>
    <DeviceID>13</DeviceID>
    <ButtonID>1</ButtonID>
    <Discription>Clock - Wind/Set Knob {0.0 - 1.0} in 0.1 steps</Discription>
    <Type>Rotary</Type>
    <DcsID>25</DcsID>
  </Clickabledata>
  <Clickabledata>
    <ID>34</ID>
    <DeviceID>13</DeviceID>
    <ButtonID>2</ButtonID>
    <Discription>Clock - Start / Stop Button</Discription>
    <Type>Switch</Type>
    <DcsID>26</DcsID>
  </Clickabledata>
  <Clickabledata>
    <ID>35</ID>
    <DeviceID>13</DeviceID>
    <ButtonID>3</ButtonID>
    <Discription>Clock - Stopwatch Button</Discription>
    <Type>Switch</Type>
    <DcsID>28</DcsID>
  </Clickabledata>
  <Clickabledata>
    <ID>36</ID>
    <DeviceID>13</DeviceID>
    <ButtonID>4</ButtonID>
    <Discription>Clock - Turnable Bezel {0.0 - 1.0} in 0.2 steps</Discription>
    <Type>Rotary</Type>
    <DcsID>24</DcsID>
  </Clickabledata>
  <Clickabledata>
    <ID>37</ID>
    <DeviceID>14</DeviceID>
    <ButtonID>1</ButtonID>
    <Discription>Remote Compass - Course Set {0.0 - 1.0} in 0.02 steps</Discription>
    <Type>Rotary</Type>
    <DcsID>43</DcsID>
  </Clickabledata>
  <Clickabledata>
    <ID>38</ID>
    <DeviceID>15</DeviceID>
    <ButtonID>1</ButtonID>
    <Discription>VHF Radio - Radio Channel Selector {0.0,0.1,0.2,0.3}</Discription>
    <Type>Switch</Type>
    <DcsID>81</DcsID>
  </Clickabledata>
  <Clickabledata>
    <ID>39</ID>
    <DeviceID>15</DeviceID>
    <ButtonID>3</ButtonID>
    <Discription>VHF Radio - Radio Volume {0.0 - 1.0} in 0.04 steps</Discription>
    <Type>Rotary</Type>
    <DcsID>83</DcsID>
  </Clickabledata>
  <Clickabledata>
    <ID>40</ID>
    <DeviceID>15</DeviceID>
    <ButtonID>6</ButtonID>
    <Discription>VHF Radio - FT FT / Y ZF Mode Switch</Discription>
    <Type>Switch</Type>
    <DcsID>84</DcsID>
  </Clickabledata>
  <Clickabledata>
    <ID>41</ID>
    <DeviceID>15</DeviceID>
    <ButtonID>8</ButtonID>
    <Discription>VHF Radio - Radio Tuning (+/-30 kHz) {0.0 - 1.0} in 0.04 steps</Discription>
    <Type>Rotary</Type>
    <DcsID>82</DcsID>
  </Clickabledata>
  <Clickabledata>
    <ID>42</ID>
    <DeviceID>16</DeviceID>
    <ButtonID>1</ButtonID>
    <Discription>IFF - Channel Selector</Discription>
    <Type>Switch</Type>
    <DcsID>86</DcsID>
  </Clickabledata>
  <Clickabledata>
    <ID>43</ID>
    <DeviceID>16</DeviceID>
    <ButtonID>3</ButtonID>
    <Discription>IFF - Check</Discription>
    <Type>Switch</Type>
    <DcsID>88</DcsID>
  </Clickabledata>
  <Clickabledata>
    <ID>44</ID>
    <DeviceID>20</DeviceID>
    <ButtonID>3</ButtonID>
    <Discription>Weapon Sys. - Master Arm</Discription>
    <Type>Switch</Type>
    <DcsID>48</DcsID>
  </Clickabledata>
  <Clickabledata>
    <ID>45</ID>
    <DeviceID>20</DeviceID>
    <ButtonID>4</ButtonID>
    <Discription>Weapon Sys. - Set Gun 1 Ammunition Count {0.0 - 1.0} in 0.4 steps</Discription>
    <Type>Rotary</Type>
    <DcsID>51</DcsID>
  </Clickabledata>
  <Clickabledata>
    <ID>46</ID>
    <DeviceID>20</DeviceID>
    <ButtonID>5</ButtonID>
    <Discription>Weapon Sys. - Set Gun 2 Ammunition Count {0.0 - 1.0} in 0.4 steps</Discription>
    <Type>Rotary</Type>
    <DcsID>54</DcsID>
  </Clickabledata>
  <Clickabledata>
    <ID>47</ID>
    <DeviceID>20</DeviceID>
    <ButtonID>6</ButtonID>
    <Discription>Weapon Sys. - Set Gun 3 Ammunition Count {0.0 - 1.0} in 0.4 steps</Discription>
    <Type>Rotary</Type>
    <DcsID>57</DcsID>
  </Clickabledata>
  <Clickabledata>
    <ID>48</ID>
    <DeviceID>20</DeviceID>
    <ButtonID>7</ButtonID>
    <Discription>Weapon Sys. - Set Gun 4 Ammunition Count {0.0 - 1.0} in 0.4 steps</Discription>
    <Type>Rotary</Type>
    <DcsID>60</DcsID>
  </Clickabledata>
  <Clickabledata>
    <ID>49</ID>
    <DeviceID>20</DeviceID>
    <ButtonID>8</ButtonID>
    <Discription>Weapon Sys. - Main Rocket Switch</Discription>
    <Type>Switch</Type>
    <DcsID>107</DcsID>
  </Clickabledata>
  <Clickabledata>
    <ID>50</ID>
    <DeviceID>20</DeviceID>
    <ButtonID>10</ButtonID>
    <Discription>Weapon Sys. - Rocket Emergency Release</Discription>
    <Type>Switch</Type>
    <DcsID>108</DcsID>
  </Clickabledata>
  <Clickabledata>
    <ID>51</ID>
    <DeviceID>20</DeviceID>
    <ButtonID>11</ButtonID>
    <Discription>Weapon Sys. - Bomb Fusing Selector {0.0,0.1,0.2,0.3,0.4}</Discription>
    <Type>Switch</Type>
    <DcsID>109</DcsID>
  </Clickabledata>
  <Clickabledata>
    <ID>52</ID>
    <DeviceID>20</DeviceID>
    <ButtonID>12</ButtonID>
    <Discription>Weapon Sys. - Jettison Fuselage Stores</Discription>
    <Type>Switch</Type>
    <DcsID>92</DcsID>
  </Clickabledata>
  <Clickabledata>
    <ID>53</ID>
    <DeviceID>21</DeviceID>
    <ButtonID>1</ButtonID>
    <Discription>EZ42 Gunsight - Power Switch</Discription>
    <Type>Switch</Type>
    <DcsID>132</DcsID>
  </Clickabledata>
  <Clickabledata>
    <ID>54</ID>
    <DeviceID>21</DeviceID>
    <ButtonID>2</ButtonID>
    <Discription>EZ42 Gunsight - Target Wingspan {0.0 - 1.0} in 0.1 steps</Discription>
    <Type>Rotary</Type>
    <DcsID>131</DcsID>
  </Clickabledata>
  <Clickabledata>
    <ID>55</ID>
    <DeviceID>21</DeviceID>
    <ButtonID>3</ButtonID>
    <Discription>EZ42 Gunsight - Target Distance {0.0 - 1.0} in 0.1 steps</Discription>
    <Type>Rotary</Type>
    <DcsID>4</DcsID>
  </Clickabledata>
  <Clickabledata>
    <ID>56</ID>
    <DeviceID>21</DeviceID>
    <ButtonID>4</ButtonID>
    <Discription>EZ42 Gunsight - Gunsight Brightness {1.0 - 0.0} in -0.1 steps</Discription>
    <Type>Rotary</Type>
    <DcsID>135</DcsID>
  </Clickabledata>
  <Clickabledata>
    <ID>57</ID>
    <DeviceID>21</DeviceID>
    <ButtonID>12</ButtonID>
    <Discription>EZ42 Gunsight - Altitude Aiming Correction Adjusting {0.0 - 1.0} in 0.1 steps</Discription>
    <Type>Switch</Type>
    <DcsID>191</DcsID>
  </Clickabledata>
  <Clickabledata>
    <ID>58</ID>
    <DeviceID>1</DeviceID>
    <ButtonID>5</ButtonID>
    <Discription>Elec Interf. - Circuit Breaker - Flaps, Trimmer, Artificial Horizon Power On</Discription>
    <Type>Switch</Type>
    <DcsID>141</DcsID>
  </Clickabledata>
  <Clickabledata>
    <ID>59</ID>
    <DeviceID>1</DeviceID>
    <ButtonID>18</ButtonID>
    <Discription>Elec Interf. - Circuit Breaker - Flaps, Trimmer, Artificial Horizon Power Of</Discription>
    <Type>Switch</Type>
    <DcsID>142</DcsID>
  </Clickabledata>
  <Clickabledata>
    <ID>60</ID>
    <DeviceID>1</DeviceID>
    <ButtonID>6</ButtonID>
    <Discription>Elec Interf. - Circuit Breaker - Landing Gear Power On</Discription>
    <Type>Switch</Type>
    <DcsID>143</DcsID>
  </Clickabledata>
  <Clickabledata>
    <ID>61</ID>
    <DeviceID>1</DeviceID>
    <ButtonID>19</ButtonID>
    <Discription>Elec Interf. - Circuit Breaker - Landing Gear Power Off</Discription>
    <Type>Switch</Type>
    <DcsID>144</DcsID>
  </Clickabledata>
  <Clickabledata>
    <ID>62</ID>
    <DeviceID>1</DeviceID>
    <ButtonID>7</ButtonID>
    <Discription>Elec Interf. - Circuit Breaker - Pitot and Heating Cover On</Discription>
    <Type>Switch</Type>
    <DcsID>145</DcsID>
  </Clickabledata>
  <Clickabledata>
    <ID>63</ID>
    <DeviceID>1</DeviceID>
    <ButtonID>20</ButtonID>
    <Discription>Elec Interf. - Circuit Breaker - Pitot and Heating Cover Off</Discription>
    <Type>Switch</Type>
    <DcsID>146</DcsID>
  </Clickabledata>
  <Clickabledata>
    <ID>64</ID>
    <DeviceID>1</DeviceID>
    <ButtonID>8</ButtonID>
    <Discription>Elec Interf. - Circuit Breaker - FuG25a On</Discription>
    <Type>Switch</Type>
    <DcsID>147</DcsID>
  </Clickabledata>
  <Clickabledata>
    <ID>65</ID>
    <DeviceID>1</DeviceID>
    <ButtonID>21</ButtonID>
    <Discription>Elec Interf. - Circuit Breaker - FuG25a Off</Discription>
    <Type>Switch</Type>
    <DcsID>148</DcsID>
  </Clickabledata>
  <Clickabledata>
    <ID>66</ID>
    <DeviceID>1</DeviceID>
    <ButtonID>9</ButtonID>
    <Discription>Elec Interf. - Circuit Breaker - FuG16ZY On</Discription>
    <Type>Switch</Type>
    <DcsID>149</DcsID>
  </Clickabledata>
  <Clickabledata>
    <ID>67</ID>
    <DeviceID>1</DeviceID>
    <ButtonID>22</ButtonID>
    <Discription>Elec Interf. - Circuit Breaker - FuG16ZY Off</Discription>
    <Type>Switch</Type>
    <DcsID>150</DcsID>
  </Clickabledata>
  <Clickabledata>
    <ID>68</ID>
    <DeviceID>1</DeviceID>
    <ButtonID>10</ButtonID>
    <Discription>Elec Interf. - Circuit Breaker - Instrument Lights, Gun-sight, Indicators, Compass, Starter On</Discription>
    <Type>Switch</Type>
    <DcsID>151</DcsID>
  </Clickabledata>
  <Clickabledata>
    <ID>69</ID>
    <DeviceID>1</DeviceID>
    <ButtonID>23</ButtonID>
    <Discription>Elec Interf. - Circuit Breaker - Instrument Lights, Gun-sight, Indicators, Compass, Starter Off</Discription>
    <Type>Switch</Type>
    <DcsID>152</DcsID>
  </Clickabledata>
  <Clickabledata>
    <ID>70</ID>
    <DeviceID>1</DeviceID>
    <ButtonID>11</ButtonID>
    <Discription>Elec Interf. - Circuit Breaker - Generator On</Discription>
    <Type>Switch</Type>
    <DcsID>153</DcsID>
  </Clickabledata>
  <Clickabledata>
    <ID>71</ID>
    <DeviceID>1</DeviceID>
    <ButtonID>24</ButtonID>
    <Discription>Elec Interf. - Circuit Breaker - Generator Off</Discription>
    <Type>Switch</Type>
    <DcsID>154</DcsID>
  </Clickabledata>
  <Clickabledata>
    <ID>72</ID>
    <DeviceID>1</DeviceID>
    <ButtonID>12</ButtonID>
    <Discription>Elec Interf. - Circuit Breaker - Battery On</Discription>
    <Type>Switch</Type>
    <DcsID>155</DcsID>
  </Clickabledata>
  <Clickabledata>
    <ID>73</ID>
    <DeviceID>1</DeviceID>
    <ButtonID>25</ButtonID>
    <Discription>Elec Interf. - Circuit Breaker - Battery Off</Discription>
    <Type>Switch</Type>
    <DcsID>156</DcsID>
  </Clickabledata>
  <Clickabledata>
    <ID>74</ID>
    <DeviceID>1</DeviceID>
    <ButtonID>13</ButtonID>
    <Discription>Elec Interf. - Circuit Breaker - Navigation Lights On</Discription>
    <Type>Switch</Type>
    <DcsID>121</DcsID>
  </Clickabledata>
  <Clickabledata>
    <ID>75</ID>
    <DeviceID>1</DeviceID>
    <ButtonID>26</ButtonID>
    <Discription>Elec Interf. - Circuit Breaker - Navigation Lights Off</Discription>
    <Type>Switch</Type>
    <DcsID>120</DcsID>
  </Clickabledata>
  <Clickabledata>
    <ID>76</ID>
    <DeviceID>1</DeviceID>
    <ButtonID>14</ButtonID>
    <Discription>Elec Interf. - Circuit Breaker - Forward Tank Pump On</Discription>
    <Type>Switch</Type>
    <DcsID>123</DcsID>
  </Clickabledata>
  <Clickabledata>
    <ID>77</ID>
    <DeviceID>1</DeviceID>
    <ButtonID>27</ButtonID>
    <Discription>Elec Interf. - Circuit Breaker - Forward Tank Pump Off</Discription>
    <Type>Switch</Type>
    <DcsID>122</DcsID>
  </Clickabledata>
  <Clickabledata>
    <ID>78</ID>
    <DeviceID>1</DeviceID>
    <ButtonID>15</ButtonID>
    <Discription>Elec Interf. - Circuit Breaker - Rear Tank Pump On</Discription>
    <Type>Switch</Type>
    <DcsID>125</DcsID>
  </Clickabledata>
  <Clickabledata>
    <ID>79</ID>
    <DeviceID>1</DeviceID>
    <ButtonID>28</ButtonID>
    <Discription>Elec Interf. - Circuit Breaker - Rear Tank Pump Off</Discription>
    <Type>Switch</Type>
    <DcsID>124</DcsID>
  </Clickabledata>
  <Clickabledata>
    <ID>80</ID>
    <DeviceID>1</DeviceID>
    <ButtonID>16</ButtonID>
    <Discription>Elec Interf. - Circuit Breaker - Auxiliary Tank Pump On</Discription>
    <Type>Switch</Type>
    <DcsID>127</DcsID>
  </Clickabledata>
  <Clickabledata>
    <ID>81</ID>
    <DeviceID>1</DeviceID>
    <ButtonID>29</ButtonID>
    <Discription>Elec Interf. - Circuit Breaker - Auxiliary Tank Pump Off</Discription>
    <Type>Switch</Type>
    <DcsID>126</DcsID>
  </Clickabledata>
  <Clickabledata>
    <ID>82</ID>
    <DeviceID>1</DeviceID>
    <ButtonID>17</ButtonID>
    <Discription>Elec Interf. - Circuit Breaker - MW-50 On</Discription>
    <Type>Switch</Type>
    <DcsID>129</DcsID>
  </Clickabledata>
  <Clickabledata>
    <ID>83</ID>
    <DeviceID>1</DeviceID>
    <ButtonID>30</ButtonID>
    <Discription>Elec Interf. - Circuit Breaker - MW-50 Off</Discription>
    <Type>Switch</Type>
    <DcsID>128</DcsID>
  </Clickabledata>
  <Devices>
    <DeviceID>1</DeviceID>
    <Discription>Elec Interf.</Discription>
  </Devices>
  <Devices>
    <DeviceID>2</DeviceID>
    <Discription>Engine Sys.</Discription>
  </Devices>
  <Devices>
    <DeviceID>3</DeviceID>
    <Discription>CPT Mech</Discription>
  </Devices>
  <Devices>
    <DeviceID>4</DeviceID>
    <Discription>Oxygen Sys.</Discription>
  </Devices>
  <Devices>
    <DeviceID>5</DeviceID>
    <Discription>FM_PROXY</Discription>
  </Devices>
  <Devices>
    <DeviceID>6</DeviceID>
    <Discription>Fuel Sys.</Discription>
  </Devices>
  <Devices>
    <DeviceID>7</DeviceID>
    <Discription>Light Sys.</Discription>
  </Devices>
  <Devices>
    <DeviceID>8</DeviceID>
    <Discription>Contr. Sys.</Discription>
  </Devices>
  <Devices>
    <DeviceID>9</DeviceID>
    <Discription>AIRSPEED_INDICATOR</Discription>
  </Devices>
  <Devices>
    <DeviceID>10</DeviceID>
    <Discription>Altimeter</Discription>
  </Devices>
  <Devices>
    <DeviceID>11</DeviceID>
    <Discription>Variometer</Discription>
  </Devices>
  <Devices>
    <DeviceID>12</DeviceID>
    <Discription>ARTIFICIAL_HORIZON</Discription>
  </Devices>
  <Devices>
    <DeviceID>13</DeviceID>
    <Discription>Clock</Discription>
  </Devices>
  <Devices>
    <DeviceID>14</DeviceID>
    <Discription>Remote Compass</Discription>
  </Devices>
  <Devices>
    <DeviceID>15</DeviceID>
    <Discription>VHF Radio</Discription>
  </Devices>
  <Devices>
    <DeviceID>16</DeviceID>
    <Discription>IFF</Discription>
  </Devices>
  <Devices>
    <DeviceID>17</DeviceID>
    <Discription>HOMING_ADAPTER</Discription>
  </Devices>
  <Devices>
    <DeviceID>18</DeviceID>
    <Discription>KNEEBOARD</Discription>
  </Devices>
  <Devices>
    <DeviceID>19</DeviceID>
    <Discription>INTERCOM</Discription>
  </Devices>
  <Devices>
    <DeviceID>20</DeviceID>
    <Discription>Weapon Sys.</Discription>
  </Devices>
  <Devices>
    <DeviceID>21</DeviceID>
    <Discription>EZ42 Gunsight</Discription>
  </Devices>
</DTADataSet>
